{"cameraMode":{"drawMode":0,"name":"Shaded","section":"Shading Mode"},"sceneLighting":true,"audioPlay":false,"sceneViewState":{"showFog":true,"showMaterialUpdate":false,"showSkybox":true,"showFlares":true,"showImageEffects":true,"showParticleSystems":true},"in2DMode":false,"pivot":{"x":14.682916641235352,"y":-1.718180537223816,"z":-3.0917844772338869},"rotation":{"x":0.1266140192747116,"y":-0.7442294955253601,"z":0.14745627343654633,"w":0.6390354037284851},"size":18.372730255126954,"orthographic":false}