{"cameraMode":{"drawMode":0,"name":"Shaded","section":"Shading Mode"},"sceneLighting":true,"audioPlay":false,"sceneViewState":{"showFog":true,"showMaterialUpdate":false,"showSkybox":false,"showFlares":true,"showImageEffects":true,"showParticleSystems":true},"in2DMode":false,"pivot":{"x":31.047000885009767,"y":1.6745667457580567,"z":-1.3420000076293946},"rotation":{"x":0.09202568233013153,"y":-0.6755844354629517,"z":0.08557703346014023,"w":0.7264963388442993},"size":20.005186080932618,"orthographic":true}