{"cameraMode":{"drawMode":0,"name":"Shaded","section":"Shading Mode"},"sceneLighting":false,"audioPlay":false,"sceneViewState":{"showFog":true,"showMaterialUpdate":false,"showSkybox":false,"showFlares":true,"showImageEffects":true,"showParticleSystems":true},"in2DMode":false,"pivot":{"x":24.519882202148439,"y":2.0297799110412599,"z":-0.24381431937217713},"rotation":{"x":0.038561876863241199,"y":0.9185307621955872,"z":-0.09262438863515854,"w":0.38240739703178408},"size":2.995131254196167,"orthographic":true}