{"cameraMode":{"drawMode":0,"name":"Shaded","section":"Shading Mode"},"sceneLighting":false,"audioPlay":false,"sceneViewState":{"showFog":true,"showMaterialUpdate":false,"showSkybox":false,"showFlares":true,"showImageEffects":true,"showParticleSystems":true},"in2DMode":false,"pivot":{"x":-41.655364990234378,"y":-2.1985268592834474,"z":-3.3175048828125},"rotation":{"x":0.007427701726555824,"y":0.9912713766098023,"z":-0.06402570009231568,"w":0.11500401794910431},"size":0.7518408894538879,"orthographic":true}