{"cameraMode":{"drawMode":0,"name":"Shaded","section":"Shading Mode"},"sceneLighting":false,"audioPlay":false,"sceneViewState":{"showFog":true,"showMaterialUpdate":false,"showSkybox":false,"showFlares":true,"showImageEffects":true,"showParticleSystems":true},"in2DMode":false,"pivot":{"x":36.762577056884769,"y":0.26459789276123049,"z":-1.601216197013855},"rotation":{"x":0.003424733178690076,"y":0.6487125754356384,"z":-0.002918804530054331,"w":0.7610231637954712},"size":99.46025085449219,"orthographic":false}