{"cameraMode":{"drawMode":0,"name":"Shaded","section":"Shading Mode"},"sceneLighting":true,"audioPlay":false,"sceneViewState":{"showFog":true,"showMaterialUpdate":false,"showSkybox":true,"showFlares":true,"showImageEffects":true,"showParticleSystems":true},"in2DMode":false,"pivot":{"x":-61.50175857543945,"y":-2.7255539894104006,"z":-0.9493045806884766},"rotation":{"x":-0.0702521950006485,"y":0.67718505859375,"z":-0.06521026045084,"w":-0.729544460773468},"size":2.926927089691162,"orthographic":true}