{"cameraMode":{"drawMode":0,"name":"Shaded","section":"Shading Mode"},"sceneLighting":false,"audioPlay":false,"sceneViewState":{"showFog":true,"showMaterialUpdate":false,"showSkybox":false,"showFlares":true,"showImageEffects":true,"showParticleSystems":true},"in2DMode":false,"pivot":{"x":27.837810516357423,"y":4.032740116119385,"z":0.8164388537406921},"rotation":{"x":0.026486769318580629,"y":0.6699477434158325,"z":-0.023924676701426507,"w":0.741564154624939},"size":16.664966583251954,"orthographic":false}