{"cameraMode":{"drawMode":0,"name":"Shaded","section":"Shading Mode"},"sceneLighting":false,"audioPlay":false,"sceneViewState":{"showFog":true,"showMaterialUpdate":false,"showSkybox":false,"showFlares":true,"showImageEffects":true,"showParticleSystems":true},"in2DMode":false,"pivot":{"x":-54.82944869995117,"y":-2.597238779067993,"z":-1.5338118076324463},"rotation":{"x":0.22082003951072694,"y":-0.5795425176620483,"z":0.166963592171669,"w":0.7664812803268433},"size":0.9675520658493042,"orthographic":true}