{"cameraMode":{"drawMode":0,"name":"Shaded","section":"Shading Mode"},"sceneLighting":true,"audioPlay":false,"sceneViewState":{"showFog":true,"showMaterialUpdate":false,"showSkybox":true,"showFlares":true,"showImageEffects":true,"showParticleSystems":true},"in2DMode":false,"pivot":{"x":29.31069564819336,"y":5.85853385925293,"z":10.343663215637207},"rotation":{"x":-0.05530379340052605,"y":-0.5125519037246704,"z":-0.03310554847121239,"w":0.8562336564064026},"size":29.866296768188478,"orthographic":true}