{"cameraMode":{"drawMode":0,"name":"Shaded","section":"Shading Mode"},"sceneLighting":false,"audioPlay":false,"sceneViewState":{"showFog":true,"showMaterialUpdate":false,"showSkybox":false,"showFlares":true,"showImageEffects":true,"showParticleSystems":true},"in2DMode":false,"pivot":{"x":27.19448471069336,"y":1.9506173133850098,"z":-0.4394419193267822},"rotation":{"x":0.02023128978908062,"y":-0.9365994334220886,"z":0.05485493317246437,"w":0.34549635648727419},"size":3.8181328773498537,"orthographic":true}